stage_name,first_name,last_name
Jack Jones,Jack,Jones
Olivia Anderson,Olivia,Anderson
Turbo Quest,Sophia,Thomas
Iron Echo,Mason,Garcia
Atomic Trace,Noah,Davis
Emma Rodriguez,Emma,Rodriguez
Electric Echo,Isabella,Anderson
Eternal Path,Henry,Brown
Fierce Raven,Noah,Lopez
Olivia Rodriguez,Olivia,Rodriguez
Lucky Knight,James,Jackson
Luna Jackson,Luna,Jackson
Liam Garcia,Liam,Garcia
Liam Jackson,Liam,Jackson
Scarlet Blaze,Luna,Miller
John Jones,John,Jones
Mason Taylor,Mason,Taylor
Crystal Comet,Logan,Wilson
Olivia Wilson,Olivia,Wilson
Harper Rodriguez,Harper,Rodriguez
Olivia Bones,Olivia,Wilson
Mia Martinez,Mia,Martinez
Sophia Martinez,Sophia,Martinez
Cinder Rocket,Liam,Moore
Emma Johnson,Emma,Johnson
Isabella Williams,Isabella,Williams
Ava Williams,Ava,Williams
Emerald Whisper,John,Martinez
Bronze Raven,Henry,Martin
Noah Martin,Noah,Martin
Turbo Pulse,Ethan,Jones
Liam Davis,Liam,Davis
Swift Knight,Sophia,Taylor
Shadow Lion,Logan,Miller
Mia Martin,Mia,Martin
Crystal Dawn,Sophia,Johnson
Shadow Quest,Mia,Martinez
Neon Rebel,Henry,Smith
Logan Martinez,Logan,Martinez
Henry Davis,Henry,Davis
Chrome Star,Mason,Thomas
Ethan Miller,Ethan,Miller
Luna Martinez,Luna,Martinez
Crimson Rune,Logan,Gonzalez
Ella Garcia,Ella,Garcia
Liam Garcia Johnson,Liam,Garcia
Urban Lion,Lucas,Smith
Wild Whisper,Mason,Miller
Atomic Wolf,Ava,Gonzalez
Vivid River,Lucas,Davis
Eternal Sage,Henry,Jackson
Mia Hernandez,Mia,Hernandez
Lucas Miller,Lucas,Miller
Noah Moore,Noah,Moore
Noah Moore Miller,Noah,Moore
Dynamic Pulse,Emma,Gonzalez
Logan Moore,Logan,Moore
Midnight Lion,Mia,Smith
Henry Williams,Henry,Williams
Ella Anderson,Ella,Anderson
Amelia Martin,Amelia,Martin
Luna Wilson,Luna,Wilson
Quantum Jade,Olivia,Lopez
Lunar Brook,Liam,Williams
Urban Rebel,Ella,Smith
James Wilson,James,Wilson
Ivory Hawk,Emma,Johnson
John Hernandez,John,Hernandez
Lucas Garcia,Lucas,Garcia
Ethan Jackson,Ethan,Jackson
Logan Thomas,Logan,Thomas
Henry Anderson,Henry,Anderson
Harper Garcia,Harper,Garcia
Logan Rodriguez,Logan,Rodriguez
Mason Hernandez,Mason,Hernandez
Royal Shade,James,Davis
Mason Moore,Mason,Moore
Mason Jackson,Mason,Jackson
Henry Jackson,Henry,Jackson
Amelia Thomas,Amelia,Thomas
Prime Shadow,Ava,Taylor
Electric Canyon,Sophia,Hernandez
Scarlet Crest,Isabella,Anderson
Urban Quest,Sophia,Martinez
Ethan Anderson,Ethan,Anderson
Ava Jones,Ava,Jones
John Miller,John,Miller
John Anderson,John,Anderson
Olivia Parker,Olivia,Anderson
Luna Thomas,Luna,Thomas
James Miller,James,Miller
Rustic Gale,Luna,Garcia
Crystal Phoenix,Isabella,Davis
Lucky Dawn,Henry,Brown
Jack Martin,Jack,Martin
Emerald Reef,Ava,Jones
Jack Williams,Jack,Williams
Ava Smith,Ava,Smith
Sophia Hernandez,Sophia,Hernandez
Sophia Lopez,Sophia,Lopez
Rapid Spark,Noah,Gonzalez
Liam Johnson,Liam,Johnson
Onyx Shade,James,Gonzalez
Emma Davis,Emma,Davis
Lunar Nimbus,Jack,Martinez
Lucas Brown,Lucas,Brown
Atomic Hawk,Luna,Lopez
Frozen Rune,Henry,Wilson
Ella Johnson,Ella,Johnson
Fierce Lion,Olivia,Hernandez
Jack Garcia,Jack,Garcia
Logan Gonzalez,Logan,Gonzalez
Harper Jackson,Harper,Jackson
James Taylor,James,Taylor
Radiant Viper,Mia,Smith
Noah Smith,Noah,Smith
Logan Jackson,Logan,Jackson
Crimson Crest,Olivia,Garcia
Crystal Tiger,Lucas,Gonzalez
Wild Trace,Ethan,Moore
Crystal Crest,Lucas,Wilson
Dynamic Lion,Luna,Martin
Cinder Spark,Harper,Miller
Iron Whisper,Ethan,Rodriguez
Midnight Wolf,Sophia,Rodriguez
Henry Brown,Henry,Brown
Dynamic Spark,Henry,Thomas
Logan Martinez Jr,Logan,Martinez
Henry Lopez,Henry,Lopez
Ethan Wilson,Ethan,Wilson
Frozen Dawn,John,Martin
Sophia Smith,Sophia,Smith
Liam Davis Jr,Liam,Davis
Swift Pulse,Logan,Gonzalez
Ultra Hawk,Henry,Rodriguez
Harper Brown,Harper,Brown
Dynamic Quest,Ethan,Williams
Harper Brown Jr,Harper,Brown
Liam Jones,Liam,Jones
Swift Crest,Ava,Gonzalez
Emma Gonzalez,Emma,Gonzalez
Sophia Garcia,Sophia,Garcia
Ultra Crest,Henry,Gonzalez
Neon Crest,Ethan,Hernandez
Lunar Gale,Lucas,Anderson
Mia Rodriguez,Mia,Rodriguez
Stormy River,Liam,Jones
Lunar Shadow,Olivia,Jackson
Neon Brook,Henry,Jones
John Taylor,John,Taylor
Prime Rebel,Sophia,Miller
Turbo Brook,Mason,Rodriguez
Logan Williams,Logan,Williams
Isabella Lopez,Isabella,Lopez
Henry Thomas,Henry,Thomas
Olivia Lopez,Olivia,Lopez
Ivory Spark,Sophia,Garcia
Aero Dragon,Liam,Thomas
Velvet Phoenix,Isabella,Smith
Harper Garcia Davis,Harper,Garcia
Blazing Echo,Jack,Garcia
Lucas Gonzalez,Lucas,Gonzalez
Isabella Jackson,Isabella,Jackson
Olivia Jones,Olivia,Jones
Lucas Rodriguez,Lucas,Rodriguez
Jack Smith,Jack,Smith
Fierce Gale,Isabella,Smith
Emma Wilson,Emma,Wilson
Sophia Martinez Davis,Sophia,Martinez
Lunar Specter,Mason,Martinez
Jack Lopez,Jack,Lopez
Lucky Token,Mia,Wilson
Mia Taylor,Mia,Taylor
Ella Martinez,Ella,Martinez
Luna Taylor,Luna,Taylor
Mia Jones,Mia,Jones
Mia Jones Garcia,Mia,Jones
James Thomas,James,Thomas
Ella Lopez,Ella,Lopez
Mason Jones,Mason,Jones
Ultra Bolt,Henry,Wilson
Liam Garcia Kim,Liam,Garcia
Logan Anderson,Logan,Anderson
Stormy Crest,Mason,Brown
Swift Token,Ethan,Brown
Phantom Hawk,Isabella,Wilson
Lucas Gonzalez Johnson,Lucas,Gonzalez
Chrome Storm,Olivia,Gonzalez
Wild Brook,John,Thomas
Sophia Brown,Sophia,Brown
Henry Jackson Smith,Henry,Jackson
Mason Wilson,Mason,Wilson
Harper Garcia Kim,Harper,Garcia
Harper Smith,Harper,Smith
Isabella Jackson Smith,Isabella,Jackson
Noah Martinez,Noah,Martinez
James Miller Smith,James,Miller
Mystic Rider,Jack,Jackson
Luna Anderson,Luna,Anderson
Mason Miller,Mason,Miller
Mia Lopez,Mia,Lopez
Velvet Canyon,Mia,Smith
Liam Anderson,Liam,Anderson
Fierce Dancer,Jack,Martin
Olivia Brown,Olivia,Brown
Lucas Brown Jr,Lucas,Brown
Sophia Gonzalez,Sophia,Gonzalez
Ethan Jackson Jr,Ethan,Jackson
Amelia Miller,Amelia,Miller
Lucas Lopez,Lucas,Lopez
Prime Pilot,Liam,Johnson
Logan Martin,Logan,Martin
Liam Martinez,Liam,Martinez
Mia Johnson,Mia,Johnson
Ella Williams,Ella,Williams
Emma Davis Jr,Emma,Davis
Henry Smith,Henry,Smith
Fierce Canyon,Liam,Garcia
Sophia Williams,Sophia,Williams
Cinder Canyon,Amelia,Martinez
Radiant Jade,Lucas,Thomas
James Taylor Jr,James,Taylor
Amber Shade,Ethan,Jackson
Urban Dragon,Amelia,Garcia
Mia Davis,Mia,Davis
Harper Rodriguez Moore,Harper,Rodriguez
James Moore,James,Moore
Mia Martinez Garcia,Mia,Martinez
Ethan Wilson Garcia,Ethan,Wilson
Dynamic Raven,Sophia,Hernandez
Ivory Rider,Ava,Gonzalez
Fierce Path,Luna,Hernandez
Olivia Wilson Moore,Olivia,Wilson
Frozen Shadow,Logan,Lopez
Harper Lopez,Harper,Lopez
Noah Martinez Miller,Noah,Martinez
Noble Reef,Emma,Miller
Olivia Taylor,Olivia,Taylor
Mason Jackson Miller,Mason,Jackson
Swift Rider,Henry,Wilson
Mia Taylor Garcia,Mia,Taylor
Amber Bolt,Liam,Johnson
Ella Moore,Ella,Moore
Jack Martin Smith,Jack,Martin
Crimson Forge,Amelia,Miller
Isabella Rodriguez,Isabella,Rodriguez
Ava Wilson,Ava,Wilson
Golden Pilot,Henry,Lopez
Mason Martinez,Mason,Martinez
John Martin,John,Martin
Liam Jones Smith,Liam,Jones
Liam Smith,Liam,Smith
Stormy Forge,James,Moore
Emma Garcia,Emma,Garcia
Henry Taylor,Henry,Taylor
Urban Trace,Logan,Martinez
Olivia Williams,Olivia,Williams
Emerald Rider,Emma,Thomas
Liam Taylor,Liam,Taylor
Rapid Lion,Lucas,Garcia
Wild Rebel,Sophia,Thomas
Wild Shadow,Olivia,Johnson
Emma Miller,Emma,Miller
Sophia Jones,Sophia,Jones
Cinder Blaze,Mia,Gonzalez
Jack Martin Kim,Jack,Martin
Mystic Jade,Noah,Thomas
Harper Brown Nguyen,Harper,Brown
Mason Gonzalez,Mason,Gonzalez
Olivia Martinez,Olivia,Martinez
Liam Jackson Jr,Liam,Jackson
Noah Johnson,Noah,Johnson
Rapid Quest,Ava,Taylor
Olivia Moore,Olivia,Moore
Velvet Falcon,James,Anderson
James Garcia,James,Garcia
Logan Rodriguez Smith,Logan,Rodriguez
Olivia Williams Johnson,Olivia,Williams
Ella Garcia Davis,Ella,Garcia
Scarlet Comet,Emma,Rodriguez
Lunar Frost,Jack,Lopez
Noble Shadow,Amelia,Davis
Silent Rebel,Henry,Anderson
Ava Williams Davis,Ava,Williams
Jack Lopez Jr,Jack,Lopez
Olivia Smith,Olivia,Smith
Lucky Voyager,Amelia,Martinez
Silent Storm,Ella,Jackson
Luna Lopez,Luna,Lopez
Mason Garcia,Mason,Garcia
Lucas Rodriguez Jr,Lucas,Rodriguez
James Smith,James,Smith
Amelia Hernandez,Amelia,Hernandez
Mia Garcia,Mia,Garcia
Electric Token,Isabella,Davis
Mia Johnson Jr,Mia,Johnson
Frost Raven,Jack,Brown
Neon Pulse,Logan,Williams
Lucas Gonzalez Nguyen,Lucas,Gonzalez
Ivory Wolf,Ava,Jackson
Fierce Comet,Olivia,Thomas
Swift Voyager,Ethan,Jones
Crimson Phoenix,Amelia,Williams
Amelia Garcia,Amelia,Garcia
Silent Shade,Harper,Garcia
Noah Martinez Kim,Noah,Martinez
Crystal Reef,Luna,Davis
Wild Dancer,Ethan,Johnson
Olivia Smith Jr,Olivia,Smith
Liam Smith Jr,Liam,Smith
Liam Rodriguez,Liam,Rodriguez
Isabella Gonzalez,Isabella,Gonzalez
Ethan Miller Miller,Ethan,Miller
Ivory Specter,Noah,Hernandez
Emerald Jade,Ella,Davis
Velvet Brook,Harper,Gonzalez
Jack Wilson,Jack,Wilson
Ethan Brown,Ethan,Brown
Neon Reef,Mia,Brown
Jack Wilson Garcia,Jack,Wilson
Emma Rodriguez Johnson,Emma,Rodriguez
Emerald Voyager,Isabella,Thomas
James Moore Johnson,James,Moore
Mason Hernandez Johnson,Mason,Hernandez
Logan Johnson,Logan,Johnson
Logan Garcia,Logan,Garcia
Mia Martin Garcia,Mia,Martin
Jack Williams Davis,Jack,Williams
Midnight Crest,Amelia,Lopez
Prime Gale,Ava,Miller
Olivia Miller,Olivia,Miller
Bronze Shade,Mason,Gonzalez
Emma Williams,Emma,Williams
Amelia Davis,Amelia,Davis
Phantom Whisper,Logan,Johnson
John Smith,John,Smith
Lunar Wolf,Amelia,Martin
Royal Sage,Mia,Jones
Golden Pulse,Noah,Rodriguez
Logan Johnson Davis,Logan,Johnson
Henry Gonzalez,Henry,Gonzalez
Noah Thomas,Noah,Thomas
Harper Jones,Harper,Jones
Golden Jade,Sophia,Anderson
Harper Taylor,Harper,Taylor
Cosmic Rocket,Mia,Garcia
Isabella Anderson,Isabella,Anderson
Amelia Gonzalez,Amelia,Gonzalez
Emerald Pilot,Ella,Taylor
John Rodriguez,John,Rodriguez
Harper Rodriguez Thompson,Harper,Rodriguez
Turbo Knight,James,Martinez
Blazing Phoenix,Isabella,Brown
Golden Star,Logan,Johnson
Ethan Thomas,Ethan,Thomas
Isabella Jones,Isabella,Jones
Cinder Raven,Noah,Smith
James Williams,James,Williams
Solar Rider,Mason,Johnson
Luna Taylor Brown,Luna,Taylor
Bronze Viper,Sophia,Hernandez
Ella Lopez Jr,Ella,Lopez
Rapid River,Ava,Williams
Chrome Phoenix,Lucas,Jackson
Rusty Sage,Logan,Martinez
Isabella Williams Jr,Isabella,Williams
Mia Gonzalez,Mia,Gonzalez
James Jones,James,Jones
Isabella Williams White,Isabella,Williams
Midnight Dancer,Jack,Gonzalez
Ella Thomas,Ella,Thomas
Henry Brown Jr,Henry,Brown
Crystal Whisper,Ethan,Lopez
Onyx Pilot,Liam,Martin
Liam Smith White,Liam,Smith
Eternal Bolt,Logan,Gonzalez
Emma Garcia Jr,Emma,Garcia
Noble Star,Ethan,Jones
Harper Taylor Jr,Harper,Taylor
Iron Lion,Mason,Lopez
Ella Garcia Nguyen,Ella,Garcia
Isabella Johnson,Isabella,Johnson
Solar Forge,Isabella,Taylor
Noah Taylor,Noah,Taylor
Ethan Davis,Ethan,Davis
Liam Davis Moore,Liam,Davis
Sophia Williams Johnson,Sophia,Williams
Harper Anderson,Harper,Anderson
Frost Falcon,Mia,Martinez
Quantum Reef,Lucas,Jones
Noah Wilson,Noah,Wilson
Ella Moore Johnson,Ella,Moore
Henry Lopez Garcia,Henry,Lopez
Isabella Rodriguez Garcia,Isabella,Rodriguez
Luna Garcia,Luna,Garcia
Rapid Echo,Mason,Davis
Shadow Gale,Ethan,Brown
Mystic Wolf,Jack,Anderson
Vivid Jade,Olivia,Gonzalez
James Taylor Kim,James,Taylor
Mystic Path,Liam,Thomas
Mia Rodriguez Brown,Mia,Rodriguez
Prime Shade,Liam,Lopez
Scarlet Rose,John,Hernandez
Blazing Canyon,Harper,Brown
Silver Blaze,Ava,Wilson
Ava Martin,Ava,Martin
Mia Williams,Mia,Williams
Emma Moore,Emma,Moore
Wild Reef,Amelia,Brown
Ethan Martin,Ethan,Martin
Frozen River,Logan,Thomas
Lucas Anderson,Lucas,Anderson
Ivory Rocket,Olivia,Miller
Lucas Williams,Lucas,Williams
Henry Gonzalez Johnson,Henry,Gonzalez
Eternal Nimbus,Olivia,Garcia
Jack Johnson,Jack,Johnson
Rustic Spark,Ava,Thomas
Olivia Martin,Olivia,Martin
Mason Gonzalez Johnson,Mason,Gonzalez
Ava Miller,Ava,Miller
Ava Brown,Ava,Brown
Mia Johnson Moore,Mia,Johnson
Ivory Knight,Logan,Martin
Rusty Rocket,Noah,Moore
Emerald Path,Isabella,Garcia
Noah Johnson Davis,Noah,Johnson
Emma Garcia Nguyen,Emma,Garcia
Sophia Lopez Garcia,Sophia,Lopez
Harper Martin,Harper,Martin
Luna Jones,Luna,Jones
Henry Brown White,Henry,Brown
Amelia Thomas Jr,Amelia,Thomas
Jack Martin Thompson,Jack,Martin
Lunar Echo,Luna,Lopez
Silent Shade Jr,Henry,Rodriguez
Henry Martin,Henry,Martin
Luna Anderson Jr,Luna,Anderson
Amelia Garcia Jr,Amelia,Garcia
Sophia Rodriguez,Sophia,Rodriguez
Luna Brown,Luna,Brown
Cinder Sage,Logan,Jackson
Amelia Jones,Amelia,Jones
Wild Voyager,Mason,Anderson
Sophia Garcia Jr,Sophia,Garcia
Midnight Crest Jr,Harper,Anderson
Noah Williams,Noah,Williams
Amelia Anderson,Amelia,Anderson
Henry Davis Jr,Henry,Davis
Fierce Specter,Logan,Miller
Olivia Brown Jr,Olivia,Brown
Blue Dancer,Ava,Brown
Frost River,James,Lopez
Ivory Quest,Lucas,Johnson
Henry Thomas Jr,Henry,Thomas
Onyx Viper,Ava,Jones
Crimson Token,Isabella,Hernandez
Velvet Forge,Noah,Brown
Mia Jackson,Mia,Jackson
Wild Gale,Isabella,Miller
Vivid Frost,James,Jackson
Midnight Rider,Lucas,Brown
Luna Hernandez,Luna,Hernandez
Logan Taylor,Logan,Taylor
Luna Anderson White,Luna,Anderson
Ethan Martinez,Ethan,Martinez
James Anderson,James,Anderson
Ethan Hernandez,Ethan,Hernandez
Olivia Lopez Jr,Olivia,Lopez
Ethan Rodriguez,Ethan,Rodriguez
Jack Thomas,Jack,Thomas
Neon Spark,Jack,Jones
Emma Williams Jr,Emma,Williams
Iron Hawk,Isabella,Lopez
Olivia Williams White,Olivia,Williams
Blazing Trace,James,Thomas
Liam Taylor Jr,Liam,Taylor
Henry Gonzalez White,Henry,Gonzalez
James Wilson Jr,James,Wilson
Ivory Pulse,John,Gonzalez
Olivia Taylor Davis,Olivia,Taylor
Emma Jackson,Emma,Jackson
Olivia Miller Miller,Olivia,Miller
Henry Taylor Johnson,Henry,Taylor
Mia Moore,Mia,Moore
Noah Miller,Noah,Miller
Mason Johnson,Mason,Johnson
James Brown,James,Brown
Mason Johnson Johnson,Mason,Johnson
Harper Johnson,Harper,Johnson
Luna Brown Garcia,Luna,Brown
Crimson Dawn,James,Miller
Emerald Blaze,Logan,Wilson
Luna Jones Jr,Luna,Jones
Frozen Specter,Luna,Jones
Logan Miller,Logan,Miller
