show_title,release_year,currently_running,genre
Horizon Whispers Hidden,1981,True,Mystery
Echo Ancient Kingdom,1996,False,Mystery
Galaxy Legends,2014,True,Reality
Eclipse Magic Star,2024,False,Horror
Phantom Ancient,1958,True,Drama
Future Galaxy,1990,True,Reality
Legends Past,1958,False,Thriller
Shadow Rising Golden,1980,False,Adventure
Fury Ancient,1958,False,Crime
Golden Echo,1989,True,Superhero
Horizon Galaxy Secret,1987,True,Action
Golden Storm,1992,False,Romance
Star Voyager,2017,True,Family
Secret Rising Eclipse,1993,True,Fantasy
Nightfall Crystal,1983,True,Family
Past Crimson Hidden,1978,False,Romance
Silent Eclipse Hidden,1970,False,Historical
Shadow Sky,2024,False,Comedy
Hidden Future,1975,True,Sci-Fi
Wild Horizon Future,1970,True,Animation
Crimson Shadow,1968,False,Thriller
Shadow Golden Eternal,1975,False,Sci-Fi
Rising Dreams,2021,True,Family
Legends Whispers,1980,False,Horror
Voyager Horizon Whispers,2017,False,Superhero
Future Crimson,1975,False,Adventure
Echo Magic Fury,1976,False,Historical
Crystal Midnight,1960,True,Fantasy
River Future Eclipse,1991,False,Documentary
Voyager Star Broken,1991,True,Documentary
Fading Sky Crimson,1995,False,Sci-Fi
Whispers Storm,1999,False,Mystery
Fury Phantom Eternal,2016,True,Drama
Golden Fury Dreams,2024,False,Adventure
Eternal Secret,2000,False,Horror
Hidden Nightfall Broken,2001,True,Anime
Future Voyager Past,2024,False,Horror
Wild Eternal,1972,False,Anime
Silent Phantom,1964,False,Mystery
Shadow Hidden,1986,True,Crime
Future Legends Broken,2016,False,Superhero
Wild Rising River,2023,False,Adventure
Silver Legends Dreams,1956,True,Crime
Past Horizon Future,1981,False,Thriller
Past Storm,1961,True,Superhero
Phantom Future Magic,1956,True,Historical
Past Horizon Storm,1954,False,Animation
Midnight Kingdom Eclipse,1957,False,Reality
Future Wild Ancient,1955,False,Family
Past Broken,2015,False,Mystery
Midnight Crimson River,1993,False,Sci-Fi
Nightfall Whispers Legends,2013,False,Romance
Storm Future Kingdom,1993,False,Sci-Fi
Eclipse Whispers,2004,True,Documentary
Legends Golden,1979,True,Action
Storm Horizon Legends,2022,False,Drama
Star Storm,1981,False,Historical
Golden Neon,1956,True,Animation
Ancient Magic,2003,False,Horror
Eclipse Crimson,2013,False,Drama
Hidden Fury,2006,True,Fantasy
Storm Sky,2025,True,Adventure
Rising Fury,1960,False,Animation
Rising Silent,1978,False,Thriller
Shadow Kingdom Broken,1986,True,Romance
Dreams Legends Star,2019,True,Action
Broken Hidden Neon,1997,True,Fantasy
Golden Eternal,1980,True,Reality
Storm Legends Hidden,2002,False,Horror
Dreams Hidden,2005,True,Drama
Rising Hidden Neon,2009,False,Sci-Fi
Golden Star Past,1955,False,Sci-Fi
Midnight Whispers Phantom,2020,True,Mystery
Fury Eternal,2022,False,Family
Echo Golden Crystal,1958,False,Superhero
Ancient Hidden,1983,False,Mystery
Silent Sky,1950,True,Family
Dreams Silver River,2001,True,Documentary
Sky Hidden,1989,False,Reality
Golden Crystal,1964,True,Animation
Voyager Storm Crimson,1961,True,Adventure
Broken Secret,1991,False,Sci-Fi
Fading Magic Midnight,1966,False,Fantasy
Secret Eclipse,2006,False,Comedy
Star Wild,1991,False,Romance
Past Ancient Wild,1967,False,Family
Shadow Golden Star,1999,False,Sci-Fi
Sky Crystal,1968,True,Crime
Eternal Hidden,1954,True,Drama
Phantom Legends Magic,1976,False,Fantasy
Fury Rising Sky,1959,True,Fantasy
Shadow Golden Ancient,2019,True,Sci-Fi
Star Magic Ancient,1990,True,Adventure
Voyager Echo,1997,True,Crime
Ancient Magic Voyager,1971,True,Sci-Fi
Magic Future,1956,False,Documentary
Eternal Echo Magic,1954,True,Family
Crystal Rising,1954,True,Reality
Silver Nightfall Whispers,1972,False,Adventure
Broken Silver,1991,True,Adventure
Whispers Galaxy,1954,True,Anime
Horizon Eclipse Crystal,2010,False,Action
Future Rising,1970,True,Fantasy
Crimson Broken Silver,1994,True,Crime
Horizon Future,2003,False,Sci-Fi
Nightfall Echo,1986,True,Sci-Fi
Horizon Dreams,2016,True,Crime
Whispers Sky Star,1985,True,Family
Wild Golden,2025,True,Horror
Galaxy Hidden Broken,2013,False,Drama
Hidden Dreams Silver,1981,True,Adventure
River Voyager Crimson,1960,True,Mystery
Whispers Wild Kingdom,1988,False,Reality
Fading River,1954,False,Fantasy
Rising Eclipse Crimson,2003,True,Fantasy
Eternal Sky Phantom,1994,True,Animation
Echo Kingdom,1986,True,Historical
Nightfall River Voyager,1967,False,Reality
Legends Magic,2017,True,Romance
Voyager Kingdom Magic,1991,True,Fantasy
Silver Nightfall,2025,False,Thriller
Dreams Broken,1953,True,Documentary
Magic Fury Broken,2024,False,Fantasy
Kingdom Nightfall Neon,1981,False,Fantasy
Phantom Nightfall Hidden,1951,False,Family
Crimson Legends,2004,False,Comedy
Legends Hidden Future,1987,False,Superhero
Legends Voyager Galaxy,1966,False,Animation
Star Future,2019,True,Family
Voyager Secret Rising,1951,False,Historical
Phantom Wild,1995,True,Crime
River Legends Silver,1950,True,Action
Dreams Future Voyager,1994,True,Sci-Fi
Magic Phantom,1973,True,Animation
Fury Shadow Phantom,1982,False,Thriller
Crystal Wild Golden,2014,True,Crime
Phantom Past,1963,True,Comedy
Silent Shadow Crimson,2011,False,Fantasy
Nightfall Magic,1996,False,Sci-Fi
Ancient Kingdom Golden,1978,True,Documentary
Shadow Broken Rising,2007,False,Drama
Neon Kingdom,1991,False,Family
Storm Star,1990,True,Mystery
Magic Silent Horizon,1955,True,Anime
Shadow Magic Galaxy,2008,False,Anime
River Ancient Secret,1991,False,Crime
Silver Secret Neon,2023,True,Comedy
Whispers Storm Secret,2009,True,Romance
Echo Midnight,2010,False,Reality
Crimson Midnight,2018,False,Mystery
Voyager Midnight Star,1993,False,Crime
Secret Horizon Rising,1956,True,Family
Eclipse Phantom,1973,False,Romance
Silver Whispers Crystal,2021,True,Anime
Golden Kingdom,1971,True,Mystery
Wild Dreams,1957,False,Mystery
Star Sky,1958,True,Action
Star Eternal,2009,False,Documentary
Rising Fury Neon,2020,True,Documentary
Galaxy Phantom,1997,True,Adventure
Silent Star,2007,True,Documentary
Eternal Nightfall,1974,False,Mystery
Fading Sky Broken,1974,True,Superhero
Echo Phantom,1980,False,Reality
Ancient Rising Eternal,1998,True,Crime
Silver Crimson,1957,True,Adventure
Storm Midnight,1976,False,Historical
Storm Future Sky,1959,True,Reality
Eternal Dreams,2022,True,Documentary
Star Dreams,1953,False,Thriller
Golden Voyager,2006,True,Romance
Storm Secret Whispers,2018,True,Adventure
Echo Horizon Wild,1998,False,Romance
Hidden Magic,2009,True,Romance
Voyager Horizon Echo,2014,True,Mystery
Crystal Kingdom Silent,1955,True,Romance
Sky Voyager,1985,False,Romance
Midnight Eternal Hidden,1950,False,Fantasy
Sky Magic Wild,1977,False,Fantasy
Legends Ancient,1971,True,Horror
Hidden Secret Kingdom,1996,False,Comedy
Storm Dreams Silent,1976,False,Adventure
Future Midnight Nightfall,2014,True,Thriller
Eclipse Star Kingdom,1994,True,Documentary
Future Wild Fury,1951,True,Mystery
Horizon Golden River,1997,True,Mystery
Wild Dreams Golden,1990,True,Action
Crystal Nightfall,1975,True,Drama
Legends Wild Phantom,2016,True,Action
Magic Dreams Hidden,2000,False,Sci-Fi
Crystal Storm Shadow,1986,False,Animation
Voyager Legends Eclipse,1968,False,Drama
Eternal Voyager,2010,False,Crime
Silver Ancient,1964,True,Anime
Dreams Past Storm,1967,False,Sci-Fi
Fury Shadow Horizon,2020,False,Thriller
Silver Neon,1985,True,Family
Kingdom Star,2021,False,Crime
Sky Fury Eternal,1980,False,Reality
Eternal Fading,1955,True,Action
Whispers Hidden,1958,True,Drama
Fading Nightfall Magic,1986,False,Horror
Whispers Golden,1973,True,Fantasy
Magic Crimson,1993,True,Fantasy
Wild Sky,1983,False,Thriller
Eclipse Dreams Kingdom,1959,True,Mystery
Shadow Dreams,1971,False,Historical
Horizon Golden,1952,False,Adventure
Echo River Ancient,1982,False,Documentary
Secret Magic Midnight,1985,False,Documentary
Sky Secret Horizon,1967,False,Fantasy
Rising River,1997,False,Documentary
Silver Silent,1961,True,Fantasy
Magic Star Storm,1961,False,Anime
Fury Past River,1970,False,Crime
Fading Crystal Dreams,1977,False,Reality
Hidden Broken Fading,2013,True,Comedy
Silver Crystal,1988,True,Comedy
Future Storm,1999,True,Anime
Midnight Echo Future,1998,False,Drama
Crimson Neon,1953,True,Mystery
Silent Kingdom,1957,True,Horror
Phantom Horizon,1964,True,Anime
Galaxy Nightfall Sky,2013,True,Action
Hidden Eclipse,2018,False,Reality
Eclipse Wild Crimson,1960,False,Drama
Rising Crystal,1992,False,Documentary
Fading Nightfall Sky,1994,False,Romance
Rising Crimson Broken,1966,True,Romance
Phantom Silver Wild,1992,True,Fantasy
Magic Galaxy,1987,False,Horror
Horizon Ancient Voyager,1952,False,Reality
Golden Crimson Broken,1991,True,Superhero
Galaxy Golden,1989,True,Thriller
Wild Sky Storm,2017,False,Adventure
Silent Past Dreams,1997,False,Mystery
Star Fury Kingdom,1995,False,Drama
River Ancient Midnight,1968,False,Historical
Star Nightfall Whispers,2024,True,Comedy
Hidden Galaxy Past,1977,True,Documentary
Ancient Past Legends,1967,False,Thriller
Kingdom Dreams,1968,False,Horror
Whispers Broken Sky,2003,False,Anime
Broken Silent Neon,1967,True,Anime
Secret Hidden,1978,True,Reality
Hidden Silver Whispers,1964,True,Historical
Past Midnight,1977,False,Animation
Golden Fading Fury,2007,True,Documentary
Eternal Phantom,1952,False,Sci-Fi
Fury Ancient Crystal,1977,False,Anime
Fury Crimson,1955,True,Reality
Future Star Ancient,2022,True,Adventure
Horizon Crimson,1958,True,Drama
Neon Echo Rising,1964,True,Superhero
River Past,2007,True,Documentary
Storm Midnight Galaxy,1996,False,Reality
Secret Phantom,1972,False,Adventure
Fury Midnight Future,2006,True,Historical
Fading Galaxy,1959,True,Sci-Fi
Galaxy Eternal Storm,1996,False,Mystery
Legends Past Neon,1994,True,Crime
Horizon Storm Golden,1951,True,Documentary
Voyager Neon Star,2001,False,Superhero
Eclipse Voyager Kingdom,1963,False,Mystery
Phantom Crimson Eternal,1990,False,Drama
Eclipse Fury River,2013,False,Sci-Fi
Storm Legends Future,1958,True,Romance
Past Shadow Future,2023,True,Documentary
Kingdom Nightfall Eclipse,2012,False,Thriller
Dreams Shadow Secret,2020,False,Fantasy
Voyager Galaxy Neon,1951,False,Comedy
Crystal Hidden Nightfall,1978,True,Anime
Secret Phantom Shadow,1953,False,Mystery
Eternal Future Rising,1950,True,Action
Wild Galaxy Future,1967,True,Romance
Horizon Broken Wild,2007,True,Comedy
Fury River,1964,True,Superhero
Secret Ancient Magic,1985,False,Adventure
Fading Storm,1954,False,Crime
Nightfall Legends Silent,2006,False,Drama
Phantom Eclipse River,1963,False,Thriller
Kingdom Ancient Midnight,1962,True,Adventure
Future Silver,2017,False,Adventure
Magic Eclipse Legends,1965,True,Documentary
Fading Silver Horizon,1984,True,Action
Voyager Past Fading,1983,False,Fantasy
Voyager Eternal Silent,1970,True,Mystery
Silent Future Eternal,2019,False,Documentary
Broken Dreams River,2025,False,Fantasy
Silent Legends Neon,1961,False,Comedy
Ancient Golden,1987,True,Action
Kingdom Sky Secret,1994,False,Crime
Secret Nightfall,2003,False,Drama
Broken Fury,1999,False,Thriller
Nightfall Fading,2009,False,Horror
Rising Star,2005,False,Comedy
Eclipse Phantom Whispers,2024,False,Drama
Shadow Crimson,1992,False,Comedy
Golden Crimson,2016,True,Comedy
Horizon Kingdom Golden,2022,True,Thriller
Horizon Echo Golden,1982,True,Superhero
Broken Neon,1951,True,Family
Voyager Midnight,2005,False,Comedy
Fury Whispers Silver,1978,False,Crime
Past Nightfall Crystal,2015,False,Historical
Nightfall Horizon,2019,False,Drama
Future Sky Eternal,1959,True,Crime
Crystal Sky Broken,1965,False,Historical
Echo Broken,1960,False,Drama
Voyager Neon Secret,1990,True,Thriller
Legends Future,1951,False,Drama
Fading Storm Golden,2014,True,Historical
Kingdom Silent,2022,False,Animation
Hidden Nightfall,1951,False,Reality
Sky Eternal,2008,True,Reality
Sky Neon,2009,True,Reality
River Shadow Sky,2021,True,Fantasy
Whispers Fading,1981,False,Sci-Fi
Magic Broken,2012,True,Adventure
River Ancient Kingdom,1952,True,Thriller
Shadow Phantom,1977,False,Reality
Silent Wild,1974,True,Romance
Storm Secret,2016,False,Anime
Kingdom Silver River,1988,False,Superhero
Phantom Kingdom Fading,2011,False,Fantasy
Broken Star,1991,True,Fantasy
Silent Ancient,1999,True,Reality
Past Star,2016,True,Family
Galaxy Phantom Future,1961,False,Crime
Rising Eclipse,2016,False,Crime
Crimson Voyager Future,1960,False,Comedy
Broken Whispers Legends,2014,True,Comedy
Storm Kingdom Fury,1983,True,Family
Voyager Crystal,1980,False,Animation
Storm Magic,1981,False,Mystery
Future Galaxy Silver,2005,True,Reality
Crimson Future,1974,False,Drama
Kingdom Nightfall,1958,True,Family
Dreams Kingdom,1952,True,Drama
Hidden Rising,1960,True,Sci-Fi
Golden Dreams Voyager,1977,False,Thriller
Magic Kingdom,1956,True,Drama
Voyager Ancient Secret,1994,False,Animation
Secret Wild Eternal,2023,True,Animation
Midnight Echo Shadow,1988,True,Documentary
Voyager Sky Storm,2009,True,Fantasy
Star Silver,2008,False,Drama
Kingdom Shadow,2014,True,Crime
River Fading Nightfall,1956,True,Documentary
Whispers Voyager,1951,False,Crime
Galaxy Rising,2000,False,Fantasy
Secret Voyager,1965,True,Drama
Midnight Kingdom Dreams,2025,True,Historical
Legends Silent,2008,True,Crime
Star Future Fury,1990,True,Documentary
Silent Midnight Whispers,1996,False,Mystery
Ancient Fury Echo,1985,True,Horror
Broken Sky,1991,False,Anime
Crimson Magic,2002,False,Documentary
Secret Sky Ancient,2014,True,Historical
Fading Horizon,2019,False,Animation
Sky Dreams Secret,1973,False,Horror
Nightfall Galaxy,1969,False,Action
Shadow Kingdom,1957,False,Family
Echo Eclipse Magic,1964,False,Mystery
Fading Sky,1988,True,Family
Neon Future Phantom,1959,True,Anime
Voyager Magic Hidden,1997,False,Mystery
Galaxy Crystal,1953,True,Family
Secret Eternal,2001,False,Documentary
Voyager Future,1951,False,Horror
Sky Voyager Neon,1993,True,Action
Kingdom Eternal Magic,2015,True,Anime
Phantom Horizon Eclipse,1953,False,Reality
Wild Horizon Fury,2021,False,Animation
Eternal Future,1992,False,Family
Galaxy Golden Whispers,1951,True,Crime
Phantom Echo,1984,False,Fantasy
River Whispers Neon,2010,True,Adventure
Nightfall Rising,2024,False,Anime
Whispers Horizon,2016,False,Crime
Nightfall Future Past,1998,False,Documentary
Crystal Eternal Neon,1969,True,Adventure
Whispers Wild Golden,2013,True,Anime
Whispers River Future,1967,True,Fantasy
Ancient Star,2012,True,Thriller
Dreams Eclipse Past,1950,True,Historical
Kingdom Fading Shadow,1989,False,Adventure
Storm Horizon,2018,False,Documentary
Crimson Star Wild,2023,False,Fantasy
Secret Storm,1974,True,Mystery
Silver Future Legends,2019,True,Family
Rising Legends Storm,2013,True,Fantasy
Kingdom Sky Galaxy,1995,True,Thriller
Shadow Eternal,2015,True,Thriller
Shadow Rising Secret,1977,False,Horror
Secret Dreams Wild,2003,False,Mystery
Magic Midnight,1991,True,Thriller
Kingdom Storm,2014,True,Thriller
Broken Eclipse,2001,False,Reality
Wild Crimson,2024,False,Reality
Silent Sky Past,2020,True,Action
Nightfall Sky,1962,False,Adventure
Past River,1961,False,Romance
Past Fading,1963,False,Fantasy
Golden Sky Fury,1953,False,Animation
Hidden Phantom Galaxy,2006,False,Historical
Eternal Dreams Sky,2000,True,Thriller
Magic Silent Neon,1984,False,Comedy
Magic Wild Secret,1955,False,Thriller
Echo Neon,1964,True,Historical
Eclipse Galaxy Magic,1991,False,Romance
Galaxy Magic Midnight,1972,True,Sci-Fi
Fading Broken,1990,True,Superhero
Star Fury Dreams,1989,False,Superhero
Silent Past Silver,1984,False,Comedy
Legends Eternal,1985,False,Family
Echo Eternal Storm,2003,True,Romance
Wild Silent Hidden,2002,True,Reality
Midnight Silver,2005,False,Fantasy
Legends Sky Eternal,1966,True,Animation
Storm Ancient,2003,True,Crime
Star River Phantom,2015,True,Documentary
Secret Midnight Dreams,1991,True,Adventure
Voyager Golden,1970,False,Adventure
Silent Storm Eternal,2005,False,Family
Silver Fading Silent,1996,True,Superhero
Crystal Crimson Broken,1952,False,Sci-Fi
Crystal Broken Kingdom,2016,False,Anime
Broken River,2007,False,Comedy
Broken Whispers,1969,True,Fantasy
Magic Dreams,1988,True,Documentary
Eternal Secret Sky,1963,False,Documentary
Shadow Silver,1994,False,Mystery
Echo Shadow Midnight,1994,True,Mystery
Voyager Future Golden,2023,False,Sci-Fi
Whispers Past Horizon,1952,False,Crime
Echo Eternal,2007,False,Drama
Past Hidden Crimson,2000,True,Superhero
Past Crystal,1980,False,Mystery
Star Nightfall,1993,True,Action
Magic Shadow Galaxy,1980,False,Mystery
River Eternal,2005,True,Reality
Echo Golden Star,1994,True,Adventure
Silent Legends Star,1976,False,Horror
Hidden Legends,1959,False,Sci-Fi
Golden Fading Crimson,1990,False,Adventure
Voyager Silver Crimson,1998,False,Horror
Broken Nightfall Fury,2015,False,Historical
Eclipse Fury Silver,2015,False,Documentary
Secret Neon,1985,True,Sci-Fi
Fury Sky Star,2000,False,Historical
River Horizon Golden,1958,False,Adventure
Hidden Golden,1962,True,Reality
Future River Silver,2010,True,Documentary
Eternal Midnight,2020,False,Action
Kingdom Secret,1955,False,Fantasy
Hidden Galaxy,1960,False,Action
Kingdom Echo Crimson,1953,False,Horror
Neon Fury Whispers,2007,False,Romance
Eternal Storm Future,1960,False,Documentary
Neon Crimson Eternal,1995,True,Horror
Magic Hidden Echo,1971,False,Reality
Hidden Storm Silver,1976,False,Action
Magic Storm,1995,False,Reality
Shadow Nightfall Golden,1975,False,Horror
Galaxy Eclipse,1992,False,Horror
Neon Broken Nightfall,1957,True,Documentary
Voyager Silver,1994,False,Horror
River Ancient Echo,2007,True,Romance
Silent Nightfall Shadow,1980,True,Horror
Hidden Eternal,2015,False,Thriller
Shadow Fading,2025,True,Family
Future Voyager,2015,False,Superhero
Fury Past,1980,False,Family
Phantom Dreams Sky,2006,False,Fantasy
Sky Star,2017,True,Anime
Future Eclipse Silent,1996,False,Horror
Rising Voyager Kingdom,2000,True,Comedy
Galaxy Ancient Echo,1999,True,Adventure
Kingdom Golden Shadow,1981,True,Crime
Star Echo Storm,1958,True,Comedy
Secret Wild,1974,True,Thriller
Shadow Whispers Echo,1985,True,Fantasy
Kingdom Rising Wild,2013,False,Fantasy
Whispers Secret Ancient,2020,False,Fantasy
Crimson Voyager,2024,True,Animation
Wild Shadow,1951,True,Mystery
Secret Star Nightfall,1968,False,Sci-Fi
Whispers Echo,1975,True,Fantasy
Eternal Sky Storm,1979,True,Mystery
Kingdom Galaxy,1976,False,Adventure
Fading Voyager Horizon,2009,True,Family
Galaxy Wild,1981,False,Historical
Wild Fury Sky,1998,True,Mystery
Past Kingdom Eclipse,1974,False,Comedy
Hidden Neon,1989,True,Action
Nightfall Legends Fury,1998,False,Family
Midnight Dreams,1998,True,Mystery
Fading Eclipse Hidden,1999,False,Reality
